emp_id,department,grade,role,age,hire_year
1,IT,Mid-Level,Manager,57,2006
2,Risk Management,Junior,Head,57,2021
3,Operations,Senior,Head,41,2015
4,Risk Management,Junior,Manager,53,2016
5,Risk Management,Junior,Officer,38,2023
6,Corporate Banking,Mid-Level,Manager,50,2011
7,Operations,Mid-Level,Head,57,2010
8,Operations,Mid-Level,Analyst,56,2005
9,Operations,Mid-Level,Analyst,47,2021
10,Risk Management,Mid-Level,Manager,38,2015
11,IT,Senior,Head,53,2022
12,Operations,Junior,Analyst,40,2021
13,HR,Junior,Head,28,2011
14,Risk Management,Junior,Manager,52,2021
15,Corporate Banking,Junior,Analyst,27,2013
16,IT,Mid-Level,Head,33,2021
17,HR,Junior,Analyst,40,2012
18,HR,Senior,Manager,33,2021
19,Corporate Banking,Senior,Head,40,2011
20,IT,Junior,Analyst,43,2005
21,Risk Management,Junior,Manager,47,2017
22,Retail Banking,Senior,Analyst,28,2023
23,IT,Senior,Analyst,57,2023
24,Corporate Banking,Mid-Level,Officer,29,2021
25,HR,Senior,Officer,25,2017
26,Risk Management,Mid-Level,Manager,36,2020
27,IT,Mid-Level,Officer,34,2012
28,Retail Banking,Mid-Level,Manager,46,2023
29,Retail Banking,Mid-Level,Officer,39,2022
30,Operations,Mid-Level,Analyst,54,2005
31,Operations,Junior,Manager,34,2018
32,Corporate Banking,Senior,Manager,39,2023
33,IT,Mid-Level,Analyst,31,2019
34,IT,Senior,Manager,27,2022
35,HR,Senior,Manager,27,2006
36,HR,Mid-Level,Officer,48,2021
37,HR,Junior,Manager,26,2022
38,Operations,Mid-Level,Head,55,2010
39,IT,Junior,Analyst,26,2023
40,IT,Senior,Officer,50,2008
41,Retail Banking,Junior,Officer,52,2005
42,Operations,Junior,Head,55,2012
43,Risk Management,Junior,Analyst,42,2011
44,Operations,Senior,Analyst,44,2007
45,Risk Management,Senior,Officer,28,2014
46,Retail Banking,Junior,Manager,41,2014
47,Corporate Banking,Junior,Officer,51,2023
48,IT,Mid-Level,Analyst,45,2018
49,Retail Banking,Junior,Head,44,2006
50,IT,Mid-Level,Officer,29,2005
51,HR,Junior,Analyst,24,2022
52,Corporate Banking,Mid-Level,Officer,28,2011
53,Corporate Banking,Senior,Manager,35,2012
54,Retail Banking,Junior,Officer,49,2005
55,Corporate Banking,Junior,Officer,57,2007
56,Risk Management,Junior,Analyst,37,2012
57,Corporate Banking,Junior,Analyst,49,2019
58,IT,Mid-Level,Analyst,50,2009
59,IT,Junior,Officer,32,2007
60,IT,Senior,Manager,49,2023
61,IT,Senior,Head,45,2005
62,Risk Management,Junior,Head,53,2019
63,Operations,Senior,Analyst,40,2012
64,HR,Junior,Analyst,49,2006
65,Retail Banking,Junior,Officer,59,2007
66,IT,Senior,Head,24,2018
67,Corporate Banking,Junior,Analyst,31,2018
68,IT,Senior,Manager,58,2015
69,Corporate Banking,Mid-Level,Manager,38,2020
70,HR,Junior,Analyst,45,2008
71,HR,Mid-Level,Analyst,37,2009
72,HR,Senior,Head,49,2018
73,Corporate Banking,Mid-Level,Head,51,2020
74,IT,Mid-Level,Officer,46,2022
75,HR,Senior,Head,37,2011
76,Risk Management,Mid-Level,Manager,47,2014
77,Corporate Banking,Mid-Level,Manager,25,2011
78,Corporate Banking,Senior,Analyst,49,2005
79,IT,Mid-Level,Head,37,2023
80,Corporate Banking,Senior,Officer,30,2020
81,Corporate Banking,Mid-Level,Manager,26,2023
82,HR,Senior,Manager,46,2008
83,IT,Senior,Officer,41,2022
84,HR,Mid-Level,Officer,58,2006
85,HR,Mid-Level,Manager,38,2005
86,IT,Mid-Level,Manager,48,2019
87,Retail Banking,Junior,Officer,51,2009
88,HR,Junior,Manager,33,2015
89,Risk Management,Junior,Analyst,40,2014
90,Risk Management,Senior,Analyst,45,2006
91,Corporate Banking,Mid-Level,Officer,49,2007
92,Risk Management,Senior,Head,48,2016
93,Corporate Banking,Junior,Officer,40,2009
94,Retail Banking,Mid-Level,Officer,36,2009
95,IT,Senior,Head,43,2010
96,IT,Mid-Level,Head,48,2013
97,IT,Senior,Head,27,2006
98,Risk Management,Mid-Level,Analyst,33,2016
99,Retail Banking,Junior,Manager,26,2007
100,Risk Management,Junior,Analyst,41,2016
101,Risk Management,Mid-Level,Manager,59,2021
102,Retail Banking,Senior,Analyst,45,2014
103,Retail Banking,Junior,Manager,57,2018
104,Retail Banking,Junior,Analyst,31,2021
105,Retail Banking,Junior,Head,42,2022
106,IT,Mid-Level,Officer,29,2023
107,Operations,Mid-Level,Analyst,49,2021
108,Operations,Senior,Manager,57,2018
109,Retail Banking,Senior,Head,29,2013
110,Operations,Senior,Analyst,56,2012
111,Operations,Mid-Level,Analyst,45,2006
112,Retail Banking,Mid-Level,Head,44,2017
113,Operations,Senior,Analyst,29,2011
114,Risk Management,Senior,Officer,29,2013
115,Corporate Banking,Mid-Level,Analyst,27,2015
116,Corporate Banking,Senior,Officer,53,2018
117,Retail Banking,Junior,Officer,34,2008
118,IT,Mid-Level,Head,53,2017
119,Retail Banking,Senior,Analyst,54,2006
120,IT,Mid-Level,Head,47,2009
121,Corporate Banking,Junior,Analyst,32,2015
122,Retail Banking,Mid-Level,Analyst,26,2010
123,HR,Mid-Level,Manager,54,2022
124,Risk Management,Mid-Level,Analyst,59,2014
125,Operations,Mid-Level,Head,47,2008
126,IT,Junior,Officer,54,2013
127,HR,Mid-Level,Analyst,29,2010
128,Operations,Mid-Level,Manager,25,2006
129,Operations,Senior,Head,43,2021
130,Retail Banking,Mid-Level,Analyst,51,2009
131,Operations,Senior,Head,34,2010
132,Risk Management,Junior,Manager,27,2016
133,HR,Junior,Manager,38,2014
134,Operations,Junior,Head,29,2010
135,Retail Banking,Junior,Analyst,53,2012
136,Risk Management,Senior,Officer,25,2006
137,Corporate Banking,Mid-Level,Manager,38,2016
138,HR,Junior,Analyst,34,2017
139,Operations,Mid-Level,Analyst,31,2011
140,Retail Banking,Senior,Officer,49,2014
141,Corporate Banking,Senior,Manager,28,2017
142,Corporate Banking,Senior,Manager,29,2021
143,IT,Junior,Analyst,49,2018
144,Risk Management,Mid-Level,Analyst,27,2006
145,Operations,Mid-Level,Officer,42,2015
146,Retail Banking,Mid-Level,Officer,43,2005
147,IT,Senior,Manager,56,2023
148,Risk Management,Junior,Head,43,2008
149,IT,Senior,Manager,35,2023
150,HR,Senior,Analyst,24,2015
151,Risk Management,Mid-Level,Manager,49,2012
152,Risk Management,Senior,Head,37,2015
153,Operations,Mid-Level,Officer,34,2008
154,Risk Management,Junior,Head,59,2021
155,IT,Mid-Level,Head,36,2011
156,Risk Management,Junior,Head,26,2012
157,Operations,Mid-Level,Officer,56,2007
158,Operations,Senior,Head,29,2006
159,HR,Senior,Head,33,2019
160,IT,Junior,Head,28,2009
161,Corporate Banking,Junior,Analyst,46,2005
162,Corporate Banking,Junior,Head,33,2008
163,Risk Management,Mid-Level,Officer,25,2019
164,HR,Mid-Level,Head,36,2023
165,Retail Banking,Junior,Head,25,2007
166,Risk Management,Senior,Officer,43,2015
167,HR,Mid-Level,Head,24,2021
168,IT,Mid-Level,Officer,32,2017
169,IT,Mid-Level,Head,40,2015
170,IT,Junior,Officer,32,2006
171,IT,Junior,Head,34,2013
172,IT,Junior,Head,38,2006
173,HR,Junior,Analyst,47,2013
174,HR,Junior,Analyst,58,2013
175,Operations,Senior,Head,53,2012
176,Corporate Banking,Senior,Head,54,2021
177,IT,Junior,Manager,28,2005
178,Retail Banking,Mid-Level,Officer,37,2015
179,HR,Junior,Manager,34,2012
180,Retail Banking,Senior,Analyst,32,2014
181,Retail Banking,Senior,Analyst,57,2011
182,Retail Banking,Mid-Level,Analyst,35,2007
183,Operations,Senior,Analyst,58,2007
184,HR,Junior,Head,58,2022
185,Retail Banking,Mid-Level,Analyst,24,2009
186,IT,Junior,Head,45,2016
187,Risk Management,Junior,Head,52,2016
188,Retail Banking,Mid-Level,Analyst,31,2023
189,Operations,Junior,Analyst,34,2010
190,HR,Senior,Officer,37,2006
191,Operations,Junior,Manager,53,2016
192,Retail Banking,Mid-Level,Analyst,58,2023
193,HR,Mid-Level,Officer,44,2009
194,Risk Management,Mid-Level,Officer,28,2016
195,Retail Banking,Junior,Manager,42,2021
196,Operations,Mid-Level,Head,37,2021
197,Corporate Banking,Mid-Level,Analyst,49,2014
198,IT,Junior,Manager,27,2021
199,Operations,Senior,Analyst,48,2019
200,HR,Junior,Officer,48,2016
201,Retail Banking,Mid-Level,Officer,41,2020
202,IT,Mid-Level,Head,31,2023
203,Retail Banking,Junior,Officer,37,2012
204,HR,Senior,Officer,55,2021
205,Retail Banking,Mid-Level,Manager,56,2009
206,Corporate Banking,Mid-Level,Analyst,46,2020
207,IT,Mid-Level,Analyst,38,2010
208,IT,Junior,Manager,56,2012
209,HR,Mid-Level,Head,48,2022
210,Corporate Banking,Senior,Analyst,40,2016
211,Operations,Mid-Level,Officer,56,2019
212,Retail Banking,Mid-Level,Analyst,25,2013
213,Risk Management,Senior,Officer,37,2017
214,Retail Banking,Mid-Level,Head,29,2019
215,Retail Banking,Junior,Manager,29,2014
216,Operations,Junior,Analyst,26,2020
217,Retail Banking,Junior,Manager,30,2011
218,Corporate Banking,Senior,Analyst,31,2021
219,Corporate Banking,Mid-Level,Officer,38,2011
220,IT,Junior,Manager,52,2018
221,HR,Senior,Analyst,56,2019
222,Risk Management,Mid-Level,Officer,53,2011
223,Retail Banking,Senior,Manager,50,2013
224,Retail Banking,Junior,Manager,59,2023
225,Operations,Junior,Analyst,52,2020
226,HR,Junior,Analyst,56,2012
227,Corporate Banking,Senior,Analyst,50,2022
228,Risk Management,Senior,Officer,56,2022
229,IT,Junior,Analyst,27,2011
230,Corporate Banking,Senior,Manager,45,2007
231,HR,Junior,Manager,25,2022
232,IT,Junior,Analyst,33,2014
233,Operations,Mid-Level,Analyst,28,2011
234,Operations,Senior,Head,33,2021
235,Retail Banking,Junior,Manager,56,2018
236,HR,Junior,Officer,36,2007
237,Risk Management,Senior,Head,54,2016
238,IT,Mid-Level,Analyst,59,2017
239,Corporate Banking,Mid-Level,Analyst,47,2006
240,HR,Junior,Manager,38,2007
241,HR,Senior,Analyst,52,2009
242,Operations,Mid-Level,Officer,31,2015
243,Retail Banking,Senior,Manager,28,2012
244,Retail Banking,Senior,Analyst,52,2016
245,IT,Junior,Manager,27,2011
246,Operations,Mid-Level,Analyst,35,2019
247,HR,Junior,Analyst,25,2021
248,Risk Management,Mid-Level,Analyst,50,2008
249,Operations,Mid-Level,Officer,54,2017
250,IT,Mid-Level,Officer,59,2022
251,IT,Mid-Level,Manager,59,2005
252,Operations,Mid-Level,Analyst,49,2020
253,IT,Senior,Analyst,50,2017
254,Operations,Junior,Officer,28,2014
255,Corporate Banking,Senior,Analyst,43,2016
256,Operations,Mid-Level,Officer,34,2006
257,Operations,Junior,Analyst,33,2007
258,IT,Mid-Level,Manager,29,2014
259,IT,Junior,Analyst,31,2006
260,Retail Banking,Senior,Analyst,46,2017
261,Retail Banking,Junior,Head,49,2017
262,Corporate Banking,Junior,Officer,35,2022
263,Retail Banking,Junior,Analyst,49,2007
264,Operations,Junior,Analyst,36,2011
265,IT,Junior,Head,41,2018
266,Retail Banking,Mid-Level,Head,48,2021
267,Retail Banking,Junior,Officer,56,2016
268,Corporate Banking,Junior,Head,35,2020
269,HR,Senior,Manager,59,2016
270,Corporate Banking,Junior,Head,27,2019
271,Operations,Senior,Manager,28,2014
272,IT,Mid-Level,Officer,31,2011
273,Corporate Banking,Junior,Officer,51,2009
274,Retail Banking,Senior,Officer,54,2005
275,IT,Senior,Officer,32,2021
276,IT,Mid-Level,Officer,52,2007
277,Retail Banking,Junior,Manager,37,2017
278,Corporate Banking,Junior,Manager,45,2018
279,Retail Banking,Senior,Officer,34,2022
280,HR,Junior,Head,46,2008
281,IT,Senior,Analyst,24,2022
282,Risk Management,Junior,Officer,44,2009
283,Risk Management,Senior,Head,49,2020
284,Operations,Junior,Analyst,59,2005
285,Retail Banking,Mid-Level,Officer,46,2018
286,Retail Banking,Junior,Officer,24,2019
287,Operations,Junior,Manager,38,2013
288,Operations,Mid-Level,Analyst,44,2019
289,Operations,Junior,Analyst,32,2021
290,IT,Mid-Level,Head,32,2008
291,HR,Junior,Manager,33,2016
292,Retail Banking,Senior,Manager,49,2009
293,IT,Senior,Manager,58,2009
294,Operations,Junior,Manager,48,2015
295,Retail Banking,Junior,Analyst,49,2010
296,IT,Junior,Analyst,34,2011
297,HR,Senior,Officer,25,2018
298,IT,Junior,Officer,30,2015
299,HR,Senior,Manager,41,2017
300,Operations,Mid-Level,Manager,50,2006
