department,year,target_headcount
Retail Banking,2025,88
Retail Banking,2026,241
Retail Banking,2027,316
Retail Banking,2028,196
Retail Banking,2029,382
Retail Banking,2030,176
Corporate Banking,2025,95
Corporate Banking,2026,94
Corporate Banking,2027,50
Corporate Banking,2028,217
Corporate Banking,2029,157
Corporate Banking,2030,68
Operations,2025,381
Operations,2026,121
Operations,2027,158
Operations,2028,317
Operations,2029,289
Operations,2030,350
IT,2025,139
IT,2026,152
IT,2027,299
IT,2028,57
IT,2029,202
IT,2030,396
Risk Management,2025,223
Risk Management,2026,392
Risk Management,2027,207
Risk Management,2028,264
Risk Management,2029,226
Risk Management,2030,224
HR,2025,389
HR,2026,387
HR,2027,195
HR,2028,373
HR,2029,210
HR,2030,176
