department,role,skill,required_level
HR,Manager,Credit Risk,3
HR,Analyst,Compliance,3
Risk Management,Analyst,Python,3
Risk Management,Head,Data Analysis,3
IT,Head,Excel,5
Retail Banking,Analyst,Credit Risk,4
HR,Manager,Python,5
Retail Banking,Head,Leadership,3
Retail Banking,Analyst,Leadership,3
IT,Analyst,Python,3
Retail Banking,Analyst,Python,3
HR,Analyst,Python,4
Operations,Analyst,Compliance,3
Risk Management,Analyst,Python,4
Operations,Head,Excel,3
Retail Banking,Manager,Credit Risk,4
Operations,Analyst,Compliance,5
HR,Officer,Python,3
HR,Head,Customer Service,4
Retail Banking,Head,Customer Service,5
IT,Analyst,Credit Risk,3
Operations,Head,Leadership,3
IT,Analyst,Data Analysis,3
IT,Manager,Data Analysis,4
Corporate Banking,Manager,Leadership,4
Retail Banking,Head,Compliance,5
Risk Management,Head,Compliance,4
HR,Officer,Compliance,4
HR,Head,Data Analysis,3
Retail Banking,Officer,Customer Service,3
Risk Management,Manager,Data Analysis,3
HR,Manager,Excel,3
Retail Banking,Analyst,Python,3
HR,Manager,Compliance,3
IT,Officer,Customer Service,3
Operations,Head,Credit Risk,5
Operations,Analyst,Credit Risk,5
HR,Officer,Python,5
Corporate Banking,Head,Customer Service,5
Risk Management,Analyst,Data Analysis,3
