emp_id,skill,proficiency_level
153,Python,4
199,Compliance,1
52,Customer Service,1
260,Customer Service,1
59,Data Analysis,2
72,Excel,2
148,Python,3
63,Customer Service,1
243,Data Analysis,4
107,Compliance,4
226,Credit Risk,1
218,Leadership,1
241,Leadership,1
259,Python,2
262,Customer Service,2
5,Leadership,2
261,Excel,5
54,Leadership,4
47,Leadership,4
215,Leadership,3
177,Data Analysis,2
9,Customer Service,5
99,Excel,5
20,Customer Service,4
241,Python,2
61,Python,3
178,Python,2
62,Compliance,1
145,Leadership,2
216,Compliance,1
3,Data Analysis,1
160,Python,3
227,Excel,4
269,Customer Service,2
120,Leadership,1
89,Credit Risk,2
68,Excel,4
98,Leadership,4
267,Compliance,5
105,Compliance,4
123,Excel,3
29,Compliance,1
137,Python,5
195,Data Analysis,3
226,Customer Service,2
170,Data Analysis,1
9,Leadership,4
40,Customer Service,1
25,Customer Service,2
261,Data Analysis,5
226,Excel,5
124,Customer Service,5
38,Data Analysis,4
251,Customer Service,3
176,Credit Risk,3
90,Excel,1
37,Python,4
176,Customer Service,5
284,Credit Risk,5
81,Python,2
114,Python,2
40,Leadership,5
224,Customer Service,5
115,Data Analysis,4
186,Customer Service,3
56,Credit Risk,2
40,Python,3
40,Customer Service,4
237,Data Analysis,5
289,Leadership,3
262,Customer Service,5
216,Excel,5
147,Leadership,1
168,Data Analysis,3
92,Credit Risk,3
59,Python,5
59,Customer Service,4
169,Data Analysis,1
269,Leadership,5
45,Excel,2
181,Data Analysis,2
170,Compliance,1
191,Excel,4
155,Leadership,5
188,Credit Risk,3
7,Python,1
133,Leadership,4
235,Credit Risk,3
45,Customer Service,2
249,Data Analysis,2
31,Compliance,3
23,Excel,1
160,Excel,2
158,Data Analysis,5
39,Compliance,3
82,Data Analysis,3
258,Customer Service,2
206,Credit Risk,1
77,Leadership,5
12,Excel,1
295,Customer Service,4
224,Credit Risk,4
13,Customer Service,2
46,Compliance,2
155,Excel,2
113,Leadership,4
233,Data Analysis,1
17,Data Analysis,1
223,Credit Risk,2
188,Leadership,5
163,Python,1
74,Compliance,4
233,Credit Risk,3
224,Python,3
60,Customer Service,3
222,Compliance,5
37,Customer Service,2
278,Leadership,4
196,Excel,5
242,Compliance,4
219,Python,4
192,Excel,2
17,Data Analysis,3
12,Python,2
193,Credit Risk,5
22,Data Analysis,5
120,Data Analysis,5
210,Credit Risk,2
270,Compliance,4
192,Data Analysis,4
175,Leadership,1
285,Python,5
204,Excel,4
164,Data Analysis,1
251,Python,4
227,Customer Service,5
7,Python,3
29,Excel,5
33,Python,2
134,Credit Risk,4
79,Excel,4
58,Compliance,2
26,Customer Service,2
226,Credit Risk,3
285,Compliance,4
4,Python,4
99,Excel,3
39,Customer Service,1
271,Credit Risk,3
285,Compliance,5
157,Compliance,4
75,Customer Service,2
288,Leadership,5
130,Python,4
175,Customer Service,3
84,Compliance,5
22,Data Analysis,4
27,Credit Risk,1
195,Customer Service,1
236,Leadership,2
92,Compliance,4
21,Python,1
84,Compliance,3
262,Python,4
147,Customer Service,3
257,Python,3
58,Excel,1
15,Excel,4
162,Excel,5
163,Leadership,1
281,Leadership,1
280,Data Analysis,4
12,Leadership,4
274,Customer Service,3
271,Compliance,4
208,Compliance,3
27,Data Analysis,1
72,Leadership,2
60,Python,5
145,Data Analysis,1
93,Python,4
8,Python,5
79,Credit Risk,2
27,Compliance,2
174,Excel,3
50,Leadership,5
199,Python,3
181,Credit Risk,1
24,Compliance,5
46,Excel,1
15,Python,3
153,Python,5
222,Data Analysis,3
206,Data Analysis,5
273,Compliance,3
236,Excel,2
228,Python,3
9,Compliance,2
166,Compliance,3
214,Customer Service,5
117,Leadership,5
72,Data Analysis,5
64,Excel,4
205,Python,1
209,Compliance,5
72,Python,2
277,Customer Service,5
274,Excel,4
95,Compliance,2
166,Python,4
32,Data Analysis,2
11,Leadership,3
217,Customer Service,1
289,Excel,1
102,Customer Service,4
267,Data Analysis,1
214,Excel,4
179,Customer Service,4
88,Credit Risk,4
41,Data Analysis,1
76,Data Analysis,4
46,Data Analysis,1
160,Credit Risk,4
80,Credit Risk,5
86,Python,4
92,Compliance,2
148,Leadership,4
161,Customer Service,3
202,Python,4
242,Customer Service,2
2,Leadership,2
225,Compliance,1
289,Credit Risk,5
233,Compliance,4
77,Credit Risk,1
116,Leadership,5
154,Compliance,4
103,Python,3
194,Excel,4
166,Python,2
90,Customer Service,2
174,Python,3
122,Leadership,1
143,Data Analysis,5
106,Customer Service,4
123,Compliance,2
9,Customer Service,1
262,Excel,3
73,Credit Risk,2
223,Compliance,3
41,Customer Service,4
204,Compliance,5
264,Compliance,2
178,Compliance,2
84,Credit Risk,4
111,Leadership,1
251,Python,5
7,Compliance,2
84,Data Analysis,5
208,Leadership,2
22,Excel,5
3,Credit Risk,3
127,Customer Service,2
297,Credit Risk,5
188,Customer Service,1
14,Credit Risk,3
12,Customer Service,3
87,Compliance,1
12,Python,5
25,Customer Service,4
243,Customer Service,1
122,Data Analysis,5
147,Customer Service,1
55,Data Analysis,1
238,Excel,2
173,Compliance,5
221,Data Analysis,4
119,Python,2
183,Leadership,1
288,Compliance,1
300,Data Analysis,1
82,Compliance,5
211,Compliance,5
150,Compliance,2
37,Excel,4
59,Python,2
131,Credit Risk,3
202,Credit Risk,1
243,Data Analysis,1
35,Compliance,1
93,Data Analysis,2
207,Excel,2
213,Excel,1
159,Customer Service,2
24,Excel,5
293,Customer Service,5
4,Python,2
220,Data Analysis,1
20,Leadership,2
152,Python,2
50,Excel,2
177,Python,3
96,Python,5
105,Python,4
250,Excel,4
117,Leadership,3
228,Compliance,2
66,Python,3
262,Customer Service,3
295,Excel,1
243,Python,5
186,Leadership,4
246,Compliance,2
125,Excel,4
268,Credit Risk,4
131,Compliance,5
237,Customer Service,4
18,Python,4
40,Leadership,3
21,Credit Risk,5
225,Leadership,1
282,Credit Risk,2
8,Excel,4
100,Credit Risk,2
240,Customer Service,1
87,Customer Service,2
298,Data Analysis,1
14,Customer Service,3
2,Compliance,4
293,Credit Risk,1
41,Customer Service,2
111,Excel,4
14,Leadership,3
231,Leadership,4
84,Data Analysis,1
130,Leadership,3
231,Credit Risk,2
145,Data Analysis,3
28,Credit Risk,3
66,Excel,5
163,Data Analysis,3
229,Python,3
261,Compliance,4
164,Compliance,2
287,Credit Risk,4
10,Leadership,4
195,Python,1
118,Data Analysis,4
270,Python,5
80,Python,5
93,Leadership,1
266,Data Analysis,2
257,Excel,2
133,Leadership,4
276,Python,4
264,Python,4
171,Excel,2
1,Python,3
64,Python,5
284,Python,3
121,Compliance,3
107,Leadership,2
175,Customer Service,3
204,Leadership,1
165,Excel,4
120,Python,1
44,Leadership,5
156,Compliance,4
207,Excel,3
108,Credit Risk,5
251,Leadership,4
130,Credit Risk,3
293,Python,1
20,Compliance,4
282,Compliance,3
285,Leadership,1
1,Excel,5
119,Excel,5
35,Compliance,5
198,Excel,5
245,Compliance,2
59,Leadership,4
161,Customer Service,4
179,Compliance,2
206,Credit Risk,3
12,Excel,3
276,Compliance,5
181,Compliance,1
242,Leadership,3
216,Excel,1
251,Customer Service,4
299,Leadership,1
126,Customer Service,4
217,Leadership,2
285,Excel,2
185,Data Analysis,5
39,Excel,3
223,Excel,5
184,Customer Service,4
178,Customer Service,5
294,Excel,1
151,Excel,4
126,Excel,2
234,Customer Service,3
8,Excel,4
129,Excel,4
264,Python,1
157,Data Analysis,3
5,Credit Risk,2
86,Data Analysis,4
175,Python,4
290,Credit Risk,1
193,Leadership,5
119,Excel,2
218,Python,3
114,Leadership,4
145,Excel,4
26,Customer Service,2
136,Compliance,5
232,Python,4
76,Customer Service,2
289,Python,1
1,Python,5
147,Customer Service,3
287,Credit Risk,4
142,Data Analysis,2
53,Excel,1
69,Python,3
90,Excel,2
220,Compliance,2
192,Customer Service,3
63,Excel,1
73,Customer Service,1
161,Excel,5
169,Data Analysis,4
89,Data Analysis,3
176,Data Analysis,3
269,Data Analysis,3
73,Data Analysis,1
245,Data Analysis,4
77,Customer Service,5
159,Python,2
98,Excel,2
102,Data Analysis,3
132,Customer Service,4
102,Customer Service,1
19,Customer Service,4
82,Python,4
279,Excel,1
129,Python,3
89,Credit Risk,4
213,Leadership,2
143,Customer Service,1
65,Credit Risk,5
76,Compliance,3
199,Data Analysis,1
143,Leadership,5
93,Data Analysis,5
224,Python,4
291,Leadership,4
102,Excel,4
267,Credit Risk,1
110,Excel,1
265,Python,3
3,Data Analysis,4
85,Leadership,5
282,Excel,2
117,Excel,3
221,Data Analysis,1
154,Leadership,3
153,Credit Risk,3
12,Data Analysis,3
133,Excel,3
293,Credit Risk,2
300,Credit Risk,4
228,Data Analysis,5
271,Excel,3
43,Python,3
21,Excel,3
107,Customer Service,4
117,Leadership,1
124,Compliance,1
281,Python,2
292,Credit Risk,1
203,Python,3
51,Leadership,3
271,Credit Risk,3
277,Leadership,2
141,Credit Risk,3
275,Python,1
290,Credit Risk,4
52,Credit Risk,4
27,Customer Service,5
157,Excel,1
239,Excel,3
156,Compliance,4
291,Compliance,1
136,Customer Service,4
144,Compliance,3
106,Leadership,4
