department,year,leavers_count
Retail Banking,2018,5
Retail Banking,2019,19
Retail Banking,2020,6
Retail Banking,2021,16
Retail Banking,2022,9
Retail Banking,2023,18
Corporate Banking,2018,2
Corporate Banking,2019,13
Corporate Banking,2020,16
Corporate Banking,2021,10
Corporate Banking,2022,8
Corporate Banking,2023,3
Operations,2018,10
Operations,2019,11
Operations,2020,3
Operations,2021,12
Operations,2022,14
Operations,2023,11
IT,2018,15
IT,2019,19
IT,2020,10
IT,2021,8
IT,2022,4
IT,2023,7
Risk Management,2018,3
Risk Management,2019,7
Risk Management,2020,4
Risk Management,2021,17
Risk Management,2022,9
Risk Management,2023,3
HR,2018,18
HR,2019,10
HR,2020,13
HR,2021,4
HR,2022,12
HR,2023,2
